/news/ADreamUnfolds.html,1064890
/LDI/news/EconomicForecastWithJohnAbowd020215.html,1064864
/international/news/ILRIPLaunchesGSLTripstoPeruandVietnam.html,1064806
/LDI/news/EconAwardsLDIStudents-Zhao_Goel121714.html,1064793
/news/ShannonGleeson_122314.html,1064781
/ICS/news/Thomas_Executive-Compensation-Conference.html,1064744
/ICS/news/Barrington_NPR_labor-market-indicators.html,1064728
/ICS/news/Hallock_Boston-Globe_kitchen-pay-conundrum.html,1064699
/news/PrivateEquityBookSign_121814.html,1064661
/news/121514_RealWorldApplication.html,1064570
/ICS/news/Private-Equity-at-Work-Book-Discussion.html,1064533
/news/TriceAward_121014.html,1064499
/news/DisabilityDisclosure_12514.html,1064410
/news/EliFriedman_12314.html,1064382
/news/MicheleWilliams_1212014.html,1064321
/news/RachelHarmon_112514.html,1064244
/news/WILanceCompa_11242014.html,1064230
/news/RobManfred_112114.html,1064145
/international/news/FieldsWinsIZAPrizeinLaborEconomics.html,1064078
/ICS/news/GaryFields_IZA.html,1064062
/news/NYSPromise_111814.html,1064028
/news/GaryFieldsIZA_111714.html,1063988
/news/LaborRoundtableEvent_111414.html,1063970
/news/111314_EngagingInWagePolicy.html,1063947
/news/ZitekVincentResearch_111214.html,1063913
/news/HistoriesofCapitalismKeynote_111014.html,1063889
/news/SethLitwin_110714.html,1063829
/news/JohnAbowd_11614.html,1063746
/news/HistoriesofAmericanCapitalism_1142014.html,1063713
/news/AndyStern_11414.html,1063697
/news/JackGoncalo_11314.html,1063680
/LDI/news/AbowdElectedFellowOfEconometricSociety110314.html,1063670
/international/news/ImpactofEbola.html,1063647
/news/OziasMoore_103114.html,1063606
/news/HaleyVelasco_102914.html,1063534
/news/EhrenbergChair_102414.html,1063349
/news/SmithersBook_102214.html,1063263
/LDI/news/AbowdAttendsAll-CaliforniaLEConference091814.html,1063108
/LDI/news/AbowdDeliversKeynoteAtLocalEmploymentDynamicsAnnualWorkshop090914.html,1062987
/LDI/news/AbowdParticipatesinPre-ConferenceatNBER101714.html,1062955
/news/LanceCompa_101414.html,1062874
/news/ExecutiveinResidence_100814.html,1062783
/news/NewFaculty2014.html,1062687
/ICS/news/Thomas_BenefitsPro.html,1062490
/news/BethLivingston092614.html,1062450
/ICS/news/01302012-focusedonemployeeswithdisabilities.html,1062442
/ICS/news/10252010-DOEGrantCompensationAndDisabilities.html,1062432
/news/RichardFincher_092514.html,1062410
/news/MichaelWagner_092414.html,1062361
/news/ForemostBenefactors91914.html,1062230
/news/GroatWinners2015_091214.html,1062023
/news/AroundtheWorld_090914.html,1061901
/international/news/EliFriedman.html,1061799
/news/LieberwitzAAUP_090214.html,1061450
/news/DavePrice_082714.html,1061290
/news/AliceCookLecture_08252014.html,1061248
/news/AlexGancayco_081114.html,1060842
/news/EmilyZitekResearch_080814.html,1060738
/ICS/news/Barrington-Al-Jazeera_RealMoney.html,1060666
/news/RoxiBaharHewertson_080414.html,1060571
/ICS/news/ICS-ECI-Commentary_Q2-2014.html,1060486
/news/DebateCamp_072514.html,1060386
/ICS/news/Barrington_post-retirmentNYT.html,1060309
/news/FriedmanResearch_072114.html,1060292
/news/07182014_AliveAndWell.html,1060282
/news/AtticusDeProspo_071614.html,1060246
/ICS/news/Hallock_CEOPay.html,1060118
/ICS/news/ICSResearchAssociates.html,1060095
/LDI/news/AbowdKeynoteMITRESyntheticDataWorkshop.html,1060054
/news/Michele WilliamsHumor_07914.html,1059941
/LDI/news/OpenAccessIssueSJIAOSLDI062514.html,1059802
/news/EDIBlackstoneFoundation_062414.html,1059779
/LDI/news/AbowdReceivesHerriotAward061814.html,1059664
/news/LeeDyer_061714.html,1059626
/news/BonnieWeinstock_061614.html,1059578
/news/AbowdHonored_61314.html,1059545
/news/MockTrialTeam_060214.html,1059261
/news/05302014_StayingConnected.html,1059235
/news/05302014_BellResearch.html,1059214
/news/052314_Commencement2014.html,1059045
/news/05222014_InternationalStrength.html,1058982
/news/05212014_FamilySurvival.html,1058887
/news/052014_LaborAndEmployment.html,1058862
/news/PitchingForDollars_05122014.html,1058518
/international/news/TeresaDanso-DanquahTrumanScholar.html,1058332
/news/05062014_LaborPeacemaker.html,1058310
/ICS/news/ICS-ECI-Commentary.html,1058238
/news/04292014_StatewideView.html,1058166
/international/news/ArmenianGenocideandHolocaustCommemoration.html,1058152
/news/04252014_TaggingHistory.html,1058069
/LDI/news/AbowdGivingPresidentialAddressatSOLE2014050214.html,1058006
/LDI/news/VilhuberToPresentAtUniversityofNewBrunswick042514.html,1058001
/international/news/SusanPorter.html,1057875
/news/04232014_EnergizingBuffalosEconomy.html,1057856
/news/04182014_FacultyStudentAwards.html,1057759
/news/04172014_AdvocatingForPeopleWithDisabilities.html,1057714
/LDI/news/LDIHiringSummer2014ResearchAssistants041614.html,1057677
/news/04152014_WhyShouldUnionsLead.html,1057590
/news/041414_GlobalServiceLearning.html,1057551
/ICS/news/Blau-highlights-pay-gap-factors.html,1057432
/ICS/news/ICS-comments-on-executive-orders-and-pay-transparency.html,1057417
/news/04022014_UnionDays.html,1057052
/international/news/MarjaHinfelaar.html,1056896
/news/03252014_EquityOnTheJob.html,1056780
/news/03192014_OfficeVersusHome.html,1056551
/news/03172014_FearsForTears.html,1056447
/news/031014_StayinAlive.html,1056236
/news/03072014_OpenToTheWorld.html,1056156
/news/030514_StudentExcellence.html,1056131
/news/03052014_ServingThePresident.html,1055970
/ICS/news/LabourMarketRoundtable.html,1055878
/news/03032014_LuceScholar.html,1055854
/news/Advance_WinnieKwan.html,1055827
/news/02282014_CommitmentAndMentorship.html,1055807
/news/02262014_LisaYang.html,1055655
/news/SecretSalariesBelogolovsky_022014.html,1055439
/news/MelindaWhite_021914.html,1054989
/news/RobFried_021014.html,1054933
/news/PamKimmetGroat_02032014.html,1054612
/news/RoccoScanza_012914.html,1054380
/news/DisabilitiesGreenEconomy_12814.html,1054281
/news/MicheleWilliams_012414.html,1054148
/news/AlanKrueger_011614.html,1053984
/news/KheelCenterDonation_011014.html,1053748
/news/EstaBiglerAdvance_010914.html,1053709
/news/HymanMOOC_1814.html,1053653
/news/SethHarris_010214.html,1053553
/news/KheelGrant_121813.html,1053395
/news/12172013_DecemberGraduation.html,1053250
/news/RossGitlin_121613.html,1053230
/news/DianeBurtonQA_121113.html,1052994
/alumni-and-friends/EhrenbergHonored_alumnews.html,1052955
/alumni-and-friends/ILRKuwait_alumnews.html,1052952
/alumni-and-friends/SimonBoehme_alumnews.html,1052949
/alumni-and-friends/ScheinmanBargaining_alumnews.html,1052944
/alumni-and-friends/EDIFederalGrant_alumnews.html,1052940
/news/SimonBoehme_12613.html,1052833
/news/ArtWheaton_12613.html,1052798
/news/ScheinmanBargaining_12413.html,1052762
/news/KenKahnAdvance_120313.html,1052734
/news/ScheinmanCompete_112713.html,1052684
/news/eLabAdvance2_112613.html,1052662
/news/eLabAdvance_11252013.html,1052640
/news/ILRKuwait_112013.html,1052455
/ICS/news/CT-Wage-Gap-Task-Force.html,1052433
/news/InternationalPrograms_111813.html,1052290
/news/EnrenbergHonored_111413.html,1052151
/news/BalancingWorkDisability_111413.html,1052119
/news/ExpoLabSpeaker_111213.html,1052034
/ICS/news/Hallock-NAHR-Award.html,1051964
/news/EDIFederalGrant_11813.html,1051925
/news/LaborRoundtable_11813.html,1051906
/ICS/news/CWEALF-presentation-on-pay-gap.html,1051890
/news/ElectionDayBarriers_11513.html,1051726
/news/11042013_StudentPraise.html,1051695
/news/HighRoads_11413.html,1051665
/news/DeloitteStudentComp_103113.html,1051524
/alumni-and-friends/WilmaLiebman_alumnews.html,1051402
/alumni-and-friends/HumanCapitalCaseComp2013_alumnews.html,1051397
/alumni-and-friends/DublinSemester_alumnews.html,1051393
/alumni-and-friends/Weingarten_alumnews.html,1051389
/ICS/news/State-of-the-Science-Conference.html,1051292
/news/Weingarten_102413.html,1051165
/news/StateofScience_102213.html,1051062
/LDI/news/ExperimentalOnlineCodebookforSIPPSyntheticBetaavailable101813.html,1050974
/news/AlliesAcrossGlobe_101713.html,1050930
/news/RoccoScanza_101713.html,1050889
/LDI/news/CongressShouldRestoreFundingToFederalStatisticalAgenciesForCriticalWork.html,1050615
/news/DublinSemester_101113.html,1050554
/news/WilmaLiebman_101013.html,1050532
/news/RonEhrenberg_10022013.html,1050120
/news/GrantGellatly_09302013.html,1049825
/news/JimGross_09272013.html,1049736
/alumni-and-friends/AlumniRoundtable_AlumNews.html,1049683
/alumni-and-friends/KathleenWeslock_alumnews.html,1049679
/alumni-and-friends/AthleteAlly_alumnews.html,1049676
/alumni-and-friends/AFLCIOConvention2013_alumnews.html,1049672
/alumni-and-friends/ILRGrowingPopularity_AlumNews.html,1049639
/news/KathleenWeslock_092513.html,1049609
/news/AlumniRoundtable_09242013.html,1049492
/news/WorkerInstitute_092113.html,1049360
/news/JCTretter_091313.html,1048881
/news/AthleteAlly_09122013.html,1048821
/news/UnionRevitalization_091113.html,1048718
/news/AFLCIOConvention_2013.html,1048463
/ICS/news/ICS_NIDRR_Conference.html,1048421
/news/ResearchPartnersWI_090613.html,1048378
/LDI/news/VilhuberonPBSNewshour080913.html,1048272
/news/ILRGrowingPopularity_09032013.html,1048225
/news/GroatAlpern2014_08292013.html,1048131
/ICS/news/BarringtonNPRCodeSwitch.html,1048078
/ICS/news/HallockMarketplaceMorningReport.html,1048066
/alumni-and-friends/EmploymentPatterns_eNews.html,1048026
/alumni-and-friends/GovernorAppointsScheinman_eNews.html,1048019
/alumni-and-friends/AppleAppointsFriedman_eNews.html,1048009
/alumni-and-friends/Groat2014_eNews.html,1048001
/alumni-and-friends/ILROrientation_eNews.html,1047996
/news/ILRWelcome_082613.html,1047870
/news/GovernorAppointsScheinman_082213.html,1047817
/news/StrikesBuildingPressure_08212013.html,1047721
/news/EmploymentPatterns_081413.html,1047479
/ICS/news/08132013-USEmploymentCostIndexQ22013.html,1047413
/news/AppleAppointsFriedman_080513.html,1047119
/news/HumanTrafficking_080213.html,1047100
/ICS/news/BarringtonCNNMoney.html,1047043
/alumni-and-friends/McNairScholars_eNews.html,1047023
/alumni-and-friends/ULI2013Grad_eNews.html,1047017
/alumni-and-friends/EDIServiceLearning_eNews.html,1047002
/alumni-and-friends/CareerServicesPostgrad_eNews.html,1046991
/news/BronfenbrennerFastFoodStrike_072913.html,1046932
/news/ULI2013Grad_072913.html,1046915
/LDI/news/VilhuberOnILR2013EmploymentTechnologyRoundtable07262013.html,1046880
/news/ElizabethWilsonULI_072613.html,1046859
/news/HumanTrafficking_072313.html,1046718
/ICS/news/EmploymentandTechnology.html,1046681
/ICS/news/HallockPayAward.html,1046643
/news/McNairScholars_071513.html,1046513
/news/EDIServiceLearning_071113.html,1046446
/news/JohnBalest_071013.html,1046402
/news/CareerServicesPostgrad_070813.html,1046315
/news/070313_EconomistView.html,1046276
/news/WITransatlantic_062713.html,1046131
/alumni-and-friends/EDIStatePartnership.html,1046124
/alumni-and-friends/ImmigrationReform_eNews.html,1046100
/news/AlyssaOConnor_062613.html,1046083
/alumni-and-friends/GlobalPartnership_eNews.html,1046077
/alumni-and-friends/TeddyZee_eNews.html,1046050
/news/ImmigrationReform_062413.html,1045949
/news/TeddyZee_062013.html,1045899
/news/EDIStatePartnership_061813.html,1045807
/news/HertzogQA_06172013.html,1045766
/news/061413_HelpingPeopleWithDisabilities.html,1045749
/news/GlobalPartnership _060613.html,1045539
/alumni-and-friends/CompensationDialogue_eNews.html,1045374
/alumni-and-friends/JonathanWeinberg_eNews.html,1045355
/alumni-and-friends/KatzGradSpeech_eNews.html,1045345
/news/KatzGradSpeech_053113.html,1045250
/alumni-and-friends/DannyWerfel_eNews.html,1045217
/news/CompensationDialogue_05242013.html,1045064
/ICS/news/HallockWSJ.html,1045030
/news/JonathanWeinberg_05222013.html,1044941
/news/WeberHolman_52013.html,1044797
/news/DannyWerfel051713.html,1044777
/news/DeProspoLivingston_051313.html,1044522
/news/WorkerJuneConference_05132013.html,1044489
/news/KevinBassney_050713.html,1044298
/LDI/news/LDIJoinsFOAS05032013.html,1044151
/news/ResearchingConflictManagement_050313.html,1044140
/LDI/news/Statistics2013Newsletter050313.html,1044137
/alumni-and-friends/ServiceScholar_eNews.html,1044015
/alumni-and-friends/TransformingWorkplaces_enews.html,1043923
/alumni-and-friends/ElenaBelogolovsky_enews.html,1043905
/alumni-and-friends/Konvitz2013_enews.html,1043900
/news/05012013_ClashOfIdeals.html,1043876
/news/04302013_TretterUpdate.html,1043822
/news/042913_McPhersonAwards.html,1043758
/news/04262013_LaborManagement.html,1043708
/news/04252013_CountdownBegins.html,1043532
/news/04242013_ServiceScholar.html,1043516
/news/EDItraining_042213.html,1043402
/news/UnionDays2013_041913.html,1043303
/news/Konvitz2013_04162013.html,1043109
/news/TransformingWorkplaces_041513.html,1042929
/news/MaiteTapia_040913.html,1042584
/news/ElenaBelogolovsky_04052013.html,1042399
/news/GroatAlpern040313.html,1042273
/news/JeanBaderschneider_032913.html,1042075
/news/AlanKrueger_032913.html,1042063
/news/AlexGimenez_032913.html,1042011
/alumni-and-friends/ILRILO_031513eNews.html,1041979
/alumni-and-friends/HealthyHomes_03252013eNews.html,1041888
/alumni-and-friends/NickDAgostino_032213eNews.html,1041879
/alumni-and-friends/WomenLabor_030513eNews.html,1041867
/news/HealthyHomes_03252013.html,1041677
/news/NickDAgostino_032213.html,1041622
/news/SaraHorowitz_032213.html,1041549
/news/DaronAcemoglu_032113.html,1041531
/news/BethLivingston_031713.html,1041225
/news/ILRILO_031513.html,1041096
/news/DavidLipsky_030813.html,1039596
/news/RayCebula_050613.html,1039370
/news/WomenLabor_030513.html,1039213
/news/EhrenbergHonored_030513.html,1039123
/LDI/news/030113_NCRNposting.html,1039100
/news/BerkenfeldLecture030113.html,1039041
/alumni-and-friends/MellongranteNews_022613.html,1038940
/alumni-and-friends/HRCaseCompeNews_022613.html,1038909
/alumni-and-friends/ConfBoardResearcheNews_022613.html,1038903
/news/LibraryFilm_02252013.html,1038838
/news/Mellongrant_022513.html,1038827
/news/HRCaseComp_021913.html,1038307
/news/JCTretter_021813.html,1038224
/ICS/news/HallockandBarringtonWSJ.html,1038194
/LDI/news/021113_SlavkovicVisitsLDI.html,1037848
/news/ConfBoardResearch_020813.html,1037633
/ICS/news/BarringtonARNNInterview.html,1037409
/ICS/news/BarringtonMiddayInterview.html,1037395
/ICS/news/BarringtonWSJ.html,1037384
/news/WISP_020113.html,1037046
/alumni-and-friends/SethHarris_eNews01302013.html,1036840
/alumni-and-friends/JCTretter_eNews.html,1036830
/alumni-and-friends/DebateTeamBestinWorld_eNews.html,1036819
/news/SethHarris_012513.html,1036549
/news/011813_DebateTeam.html,1035946
/news/JCTretter_11113.html,1035484
/news/KheelCenter_010913.html,1035341
/news/LowellTurnerBook_010813.html,1035188
/news/WorkplaceViolencePrevent_122012.html,1034967
/news/AdelBenslimane_121812.html,1034771
/news/JCTretter_121312.html,1034513
/news/LandGrantMission_121112.html,1034421
/news/GenderCounts_121012.html,1034198
/ICS/news/ICSFellowBurkhauser.html,1033925
/news/FastFoodProtest_113012.html,1033849
/news/CowieLastLec_113012.html,1033845
/alumni-and-friends/SocialMedia_eNews.html,1033779
/alumni-and-friends/SaportaLecture_eNews.html,1033760
/alumni-and-friends/FranBlau_eNews.html,1033751
/alumni-and-friends/DebateTeam_eNews.html,1033745
/news/112912_LastLecture.html,1033718
/news/WorldDebateChampionships_112712.html,1033687
/news/CornellDebate_111912.html,1033450
/news/BlauBook_111912.html,1033378
/news/Saporta_111612.html,1033298
/news/LaborRoundtable_11912.html,1033012
/news/VickiSaportaLecture_11812.html,1032968
/ICS/news/HallockPayBook.html,1032764
/ICS/news/11022012-USEmploymentIndexQ32012.html,1032688
/news/110212_SocialMedia.html,1032674
/LDI/news/11212_ldiwelcomesschmutte.html,1032672
/news/110112_StudentAthletes.html,1032617
/alumni-and-friends/KingShawHall_eNews102612.html,1032436
/news/HumanCapitalComp_102612.html,1032419
/news/KingShawDedicated_102612.html,1032364
/alumni-and-friends/Makingconnections_eNews102512.html,1032330
/alumni-and-friends/FightingClimateChange_eNews102512.html,1032326
/alumni-and-friends/Positive rejection_eNews102512.html,1032322
/alumni-and-friends/Leading insight_eNews102512.html,1032309
/ICS/news/ILRHR2020Hamermesh.html,1032235
/news/102312_KingShawDedication.html,1032120
/news/GLIJamesHansen_102312.html,1032115
/news/101912_Pay.html,1032043
/news/Goncalo_101612.html,1031953
/ICS/news/BarringtonFiscalTimesInterview.html,1031838
/ICS/news/EmploymentWorkSAGE.html,1031796
/news/CareerFair_101212.html,1031737
/news/101112_KingShaw.html,1031658
/news/BruyereBarrintonBook_10812.html,1031522
/LDI/news/100412_NancyPotokSeminar.html,1031366
/alumni-and-friends/ConferenceCenters_eNews.html,1031035
/alumni-and-friends/VietnamLeaders_eNews.html,1031031
/alumni-and-friends/RolandLange_eNews.html,1031022
/alumni-and-friends/DannyGlover_092612eNews.html,1031010
/cahrs/news/New-CAHRS-Brochure-Available.html,1030997
/news/VietnamLeadersVisit_092712.html,1030939
/news/HurdBook_092712.html,1030931
/news/DannyGlover_092612.html,1030839
/cahrs/news/HR-Analytics-Webcast.html,1030794
/news/RolandLange_092512.html,1030742
/news/Margoliesairlinedispute_092412.html,1030696
/news/DannyGlover_092112.html,1030654
/news/DannyGlover_091812.html,1030549
/cahrs/news/CAHRS-Roundtables.html,1030122
/news/KCWagner_091112.html,1030022
/cahrs/news/Miranda-HR-Magazine-0912.html,1029700
/alumni-and-friends/GroatAlpern2013_eNews.html,1029628
/alumni-and-friends/DigitalCommons_eNews.html,1029620
/alumni-and-friends/NewStudents_eNews.html,1029606
/news/GroatandAlpern_2013.html,1029581
/news/ConferenceCenters_090512.html,1029526
/news/082812_Skyrocketing Use.html,1029100
/ICS/news/08242012-Hallock-Marketplace-Interview.html,1028936
/LDI/news/08212012YearOfStatistics.html,1028539
/news/081612_NewStudents.html,1028369
/cahrs/news/BUHR-Leader-Working-Group.html,1028236
/ICS/news/08022012-USEmploymentIndexQ22012.html,1027677
/alumni-and-friends/LandGrantMission_eNews.html,1027603
/alumni-and-friends/RememberingClete Daniel_eNews.html,1027582
/news/072712_SiblingSurvey.html,1027427
/cahrs/news/Brad-Bell-Wellness-Businessweek-Article.html,1027378
/news/072012_RememberingCleteDaniel.html,1027259
/news/071712_RebuildingDream.html,1027193
/LDI/news/BainCapitalJobCreationRecord2012.html,1027170
/cahrs/news/Myers-Edwards-Employees-Pursuing-MBAs.html,1027120
/cahrs/news/Myers-Workforce-Planning-Essay.html,1027097
/news/070312_landGrantMission.html,1026925
/alumni-and-friends/JayWalkerCollection_eNews.html,1026878
/alumni-and-friends/GLI_eNews.html,1026874
/alumni-and-friends/Valuable Networks_eNews.html,1026868
/alumni-and-friends/JobGains_eNews.html,1026842
/cahrs/news/Miranda-Software-Advice-Link.html,1026518
/LDI/news/IanSchmutteVisit2012.html,1026501
/cahrs/news/Collins-Workforce-Link.html,1026454
/news/JobGains_062112.html,1026367
/news/TaipeiConference_061212.html,1026019
/cahrs/news/Getting-to-the-Top.html,1025849
/news/Valuable Networks_060712.html,1025795
/news/JayWalkerCollection060612.html,1025634
/news/060412_PolicyLeader.html,1025484
/news/GLI_060112.html,1025403
/alumni-and-friends/CURB_050412_eNews.html,1025288
/alumni-and-friends/BetterWorld_053012_eNews.html,1025266
/alumni-and-friends/HighEnergy_053012_eNews.html,1025243
/news/053012_BetterWorld.html,1025249
/LDI/news/2013InternationalYearOfStatistics.html,1025020
/news/HRReview_052112.html,1024913
/news/Transatlantic_051712.html,1024700
/news/051412_HighEnergy.html,1024536
/news/050812_SortingThroughStatistics.html,1024264
/ICS/news/05072012-Barrington-HereAndNow-Interview.html,1024202
/news/CURB_050412.html,1024080
/ICS/news/NazarovSandellGrant2012.html,1024036
/ICS/news/03312012-USEmploymentIndexQ12012.html,1023819
/news/050112_NextStep.html,1023723
/news/McPherson_043012.html,1023653
/alumni-and-friends/WorkerInstitute_eNews.html,1023586
/news/WorkerInstitute_42712.html,1023551
/alumni-and-friends/KonvitzLecture_eNews.html,1023542
/alumni-and-friends/RandiWeingarten_eNews.html,1023536
/alumni-and-friends/World View_eNews.html,1023521
/alumni-and-friends/StellarStudents_eNews.html,1023516
/news/KonvitzLecture_042512.html,1023336
/ICS/news/04042012-settingExecPayNotEasy.html,1023234
/ICS/news/04042012-BarringtonKeynoteLocal375-DC37.html,1023213
/ICS/news/04042012-TimeMagazineLayerSupply.html,1023106
/news/042012_UnioinLegacy.html,1023056
/news/RedIdeas_041912.html,1023004
/cahrs/news/Melissa-Burress-Introduction.html,1022707
/news/KonvitzLecture_041412.html,1022630
/news/RandiWeingarten_041412.html,1022511
/news/drivingcollaboration_041212.html,1022491
/news/GlobalScholarsProgram_041212.html,1022442
/news/041112_Panel.html,1022355
/news/SocialJustice_041012.html,1022166
/news/040912_MarchJobNumbers.html,1022099
/news/GlobalPartnership_040612.html,1021960
/news/ExcellenceHonored.html,1021941
/news/TrumanScholar.html,1021593
/news/BennettFreeman_040312.html,1021557
/news/BrowningAward_040212.html,1021491
/news/GroatAlpern_033012.html,1021389
/news/TracyDolgin_32912.html,1021288
/alumni-and-friends/GroatAlpern_eNews.html,1021184
/alumni-and-friends/Lieberwitz_eNews.html,1021164
/alumni-and-friends/PhoebeYu_eNews.html,1021152
/alumni-and-friends/ConsentDecree_eNews.html,1021138
/news/EvaSageGavin.html,1021088
/news/ConsentDecree_32412.html,1020903
/news/Lieberwitz.html,1020888
/news/PhoebeYu_32212.html,1020862
/international/news/062005_LemniscaatSchool.html,1020667
/international/news/062405_AustralianCentreConference.html,1020660
/news/111605_GlobalPartners.html,1020656
/news/AdlerFirefighters_030812.html,995029
/news/AlexisWerth_022912.html,994755
/alumni-and-friends/LanceCompa_eNews.html,994651
/alumni-and-friends/NielsenCompetition_eNews.html,994646
/alumni-and-friends/StephenRyan_eNews.html,994630
/news/NielsenCompetition_022812.html,994546
/alumni-and-friends/PatientCare_eNews.html,994539
/alumni-and-friends/Statewide Education_eNews.html,994531
/cahrs/news/CAHRS-ResearchLink-Nishii-Perception-is-Reality.html,994480
/cahrs/news/CAHRS-ResearchLink-Livingston-Do-Nice-Guys-and-Gals-Really-Finish-Last.html,994458
/news/Bishop_22712.html,994432
/news/EliFriedman_022212.html,994254
/ICS/news/02162012-NY-AttorneyGeneralDirectorsU.html,994135
/news/021612_StatewideEducation.html,994108
/news/021612_PatientCare.html,994088
/news/021512_Ryan.html,993888
/news/LanceCompa_020712.html,993640
/news/HealthcareProject_020612.html,993523
/news/CompensationLindaBarrington_2020212.html,993316
/ICS/news/01312012-USEmploymentIndexQ42011.html,993264
/alumni-and-friends/GaryFields_eNews.html,993101
/alumni-and-friends/NetterConference_eNews.html,993057
/ICS/news/01262012-ImprovedEmployment.html,993047
/alumni-and-friends/ImpactILR_eNews.html,993030
/ICS/news/01272012-employmentSustainability.html,993006
/alumni-and-friends/Dolgin_eNews.html,992995
/ICS/news/01272012-AreTheJobsEverComingBack.html,992841
/news/GaryFields_11112.html,992229
/news/010912_LongClimbAhead.html,992159
/news/010912_detachingWork.html,992108
/news/LowellTurnerLecture_1512.html,992005
/news/NetterConference_122211.html,991861
/news/122111_ImpactILR.html,991816
/cahrs/news/TopicalExecutiveSummaries.html,991393
/news/120811_Dolgin.html,991344
/news/120811_ResearchAward.html,991275
/news/120111_MeteoricRise.html,990980
/news/LaborRoundTable_12111.html,990953
/cahrs/news/Question-Submission-ILRHR664-Spring-2012.html,990930
/alumni-and-friends/LaborRoundtable_eNews.html,990755
/alumni-and-friends/DisabilityStudies_NoveNews.html,990730
/alumni-and-friends/QualityofJobs_NoveNews.html,990721
/alumni-and-friends/GoncaloResearch_NoveNews.html,990712
/news/DisabilityStudies_112911.html,990658
/ICS/news/11222011-USEmploymentIndexQ32011.html,968534
/cahrs/news/Video-from-CAHRS-14th-Annual-Executive-Roundtables.html,968457
/news/112101_qualityJobs.html,968393
/news/ArbitrationCompetition_112111.html,968291
/news/ILRRoundtable_111711.html,968258
/news/LouisHyman_111711.html,968124
/news/111611_LeadershipAward.html,968093
/cahrs/news/NAHR-Annual-Meeting-2011.html,967767
/LDI/news/11042011-JobResearchOpportunities.html,967535
/news/DanKatz_11811.html,967489
/news/Goncalo_11711.html,967439
/cahrs/news/Eva-Sage-Gavin-Groat-Award-Winner.html,967413
/news/MargoliesOccupy_11211.html,967214
/alumni-and-friends/LDI_11211eNews.html,967194
/alumni-and-friends/EconomicOpportunities_11211eNews.html,967187
/alumni-and-friends/CareerFair2011_11211eNews.html,967163
/alumni-and-friends/EvaSageGavin_11211eNews.html,967155
/alumni-and-friends/KahnProfessorship_11211eNews.html,967143
/news/EvaSageGavin_103111.html,966692
/cahrs/news/Steve-Miranda-CAHRS-Managing-Director.html,965194
/news/BraunsteinProfessorship_102011.html,963843
/news/CareerFair_2011.html,962890
/news/101711_WhatWorks.html,962179
/news/101411_Cohen.html,961704
/news/LDI_101311.html,960799
/news/EconomicOpportunities_10611.html,959240
/news/100511_culture.html,958962
/news/GeorgeCohen_10511.html,958497
/news/LDI.html,957794
/alumni-and-friends/KateGriffith_enews.html,957488
/alumni-and-friends/EliFriedman_enews.html,957421
/alumni-and-friends/KyleEmich_enews.html,957387
/alumni-and-friends/GLIstudy_enews.html,957322
/alumni-and-friends/BethFlorin_enews.html,957226
/news/KyleEmich_092711.html,953879
/news/092211_Friedman.html,953357
/news/091611_RichProfessorship.html,950300
/ICS/news/09092011-ICSDirectorIsFirstRecipientOfJospehRichProfessorship.html,947526
/alumni-and-friends/GoncaloResearch_enews.html,944933
/alumni-and-friends/NewFaculty_eNews.html,944867
/alumni-and-friends/SharonKim_083011_enews.html,944834
/alumni-and-friends/McLellan_082411_enews.html,944800
/alumni-and-friends/AlanKrueger_082911_eNews.html,944732
/news/SharonKim_083011.html,943815
/news/AlanKrueger_082911.html,943449
/news/082611_goncaloResearch.html,943296
/cahrs/news/Chief-Human-Resource-Officer-Impact-and-Influence.html,942497
/cahrs/news/McKinnon-of-Citi-wins-HR-Distinguished-HR-Executive-Award.html,942424
/news/McLellan_082411.html,941818
/news/081111_newFaculty.html,937525
/ICS/news/08082011-RecordLongUnemployment.html,935991
/cahrs/news/080411-NewResearchLink-Wright.html,935706
/alumni-and-friends/WorkerRightsInChina_080311enews.html,935120
/alumni-and-friends/ASA_080311_enews.html,934979
/alumni-and-friends/EconomicsDeparment_080311enews.html,934945
/ICS/news/08012011-USEmploymentIndexQ22011.html,934593
/ICS/news/07262011-TheIimpactOfMakingPayPublic.html,931885
/news/ADA_7262011.html,930293
/ICS/news/072211-performancePaySystems.html,929575
/news/EconomicsDeparment_072011.html,929170
/news/071911_WorkerRightsInChina.html,928183
/cahrs/news/071911-NewResearchLink-Livingston.html,928137
/news/Bronfenbrenner_071511.html,927610
/ICS/news/newEconDept.html,927358
/alumni-and-friends/National spotlight_070711_eNews.html,926514
/alumni-and-friends/LanceCompa_070511_eNews.html,926136
/alumni-and-friends/062711_ReducingHarassment_eNews.html,926069
/alumni-and-friends/EqualRightsAgenda_063011_eNews.html,925832
/news/LanceCompa_070511.html,925136
/news/EqualRightsAgenda_063011.html,924393
/news/062711_ReducingHarassment.html,924167
/news/LegalPractical_062411.html,923679
/ICS/news/06172011-ReflectionsOnFirstRoundOfSayOnPay.html,921036
/news/Hallock_061711.html,921003
/news/060311_HighRoads.html,916737
/alumni-and-friends/Graduation_060211_eNews.html,916047
/alumni-and-friends/LisaNishii_053111_eNews.html,915803
/alumni-and-friends/Bores elected to Cornell Board of Trustees_eNews.html,915634
/news/Graduation_060211.html,915264
/news/LisaNishii_053111.html,914726
/ICS/news/05262011-SOLEhonorsTwoICSFellows.html,914097
/ICS/news/05243022-MarketWatchHigherPayNotPreferredByEveryone.html,913870
/news/ChrisLee_051311.html,912702
/news/CreativeWorkshop_51211.html,912505
/news/StrategicResearch_51011.html,911470
/ICS/news/05092011-Abowd2014PresidentOfSOLE.html,911332
/ICS/news/05092011-EhrenbergLifetimeAchievementAward.html,911201
/news/NancyHinkley_050911.html,910650
/cahrs/news/050611 ChiefHROfficer Book.html,910527
/news/AlexBores_050611.html,910492
/alumni-and-friends/Ehrenberg_050211eNews.html,909713
/alumni-and-friends/McPherson2011_050311eNews.html,909464
/alumni-and-friends/Lipsky_050311_eNews.html,909384
/alumni-and-friends/DanielMemorialMedal_050311eNews.html,909192
/alumni-and-friends/UnionDays2011_050311eNews.html,909069
/news/Ehrenberg_050211.html,908774
/ICS/news/05022011-USEmploymentCostIndexQ12011.html,908431
/news/McPherson2011_050211.html,908209
/news/042911_GLI.html,908063
/news/DanielMemorialMedal_042611.html,906636
/ICS/news/04252011-NoRealWageGrowth.html,906389
/ICS/news/04252001-GenderWageGapNarrows.html,906288
/ICS/news/03302011-barr-brown-terex.html,903892
/news/JeffCowie_041211.html,902753
/news/UnionDays2011_041111.html,902116
/news/040811_Lipsky.html,901496
/news/Ehrenberg_040411.html,901235
/news/LaborEmploymentLaw_040611.html,900530
/alumni-and-friends/Groat_040511_eNews.html,899874
/alumni-and-friends/BobSmith_031011_eNews.html,899596
/alumni-and-friends/CowieBookAward_031811_eNews.html,899530
/alumni-and-friends/BethLivingston_eNews_040411.html,899267
/news/UnionDays2011_040411.html,898897
/news/KimberlyKowren_40211.html,898586
/ICS/news/03292011-davidcardcompensation.html,897483
/news/Groat_032811.html,896223
/news/Triangle Fire_032511.html,894851
/news/BarryHartstein_032511.html,894815
/news/Scelfo_032311.html,894397
/news/CowieBookAward_031811.html,892860
/news/MaiteTapia_031711.html,892675
/news/DavidCard_031611.html,892327
/news/BobSmith_031011.html,891253
/news/030811_HalfTheSky.html,889976
/alumni-and-friends/AskEarn_eNews.html,888662
/alumni-and-friends/David Card_eNews.html,888570
/alumni-and-friends/DebbyCho_eNews.html,888355
/alumni-and-friends/TriangleFire_eNews.html,888195
/news/DebbyCho_030411.html,888029
/news/LarryKahnNFL_030211.html,886950
/news/GLITransportation_03012011.html,886709
/news/TriangleFire_02252011.html,885414
/news/HRReview_022411.html,884977
/news/DavidCard_022411.html,884843
/ICS/news/BonusBashing-02232011.html,884650
/news/AskEarn_021711.html,882610
/news/TriangleFire_02122011.html,879158
/news/SocialMedia_021111.html,878495
/news/CurtisLyons_021111.html,878125
/news/FranBenson_2711.html,875733
/alumni-and-friends/Hallock_122210_eNews.html,871579
/alumni-and-friends/Goncalo_121310_eNews.html,871372
/alumni-and-friends/SteveAdler_11011_eNews.html,871307
/alumni-and-friends/BlauAward_eNews.html,870931
/news/ICSEmpCostIndex_013111.html,870207
/international/ILRIntGrantsMay2011.html,870076
/ICS/news/01312011-usEmploymentCostIndexQ42010.html,870007
/news/GLICancun_012411.html,867513
/news/Lieberwitz_012111.html,867233
/news/HannahRudstam_011811.html,865363
/news/011211_Blau.html,864261
/laborPrograms/PLA SURVEY-old.html,864206
/news/SteveAdler_11011.html,862426
/ICS/news/01052011-HallockAuthorsWorkspanColumn.html,861971
/ICS/news/01042011-raiseLimitonJoblessPeriod.html,861920
/ICS/news/01032011-ContainCostKeepHighPerformers.html,861736
/news/Hallock_122210.html,859879
/news/KristenMcClellan_122110.html,859454
/news/ArunKarpur_122010.html,859224
/news/BrianRubineau_121710.html,858688
/news/Goncalo_121310.html,854407
/news/SocialSciences_121010.html,854260
/ICS/news/12092010-CompanySizeUSCEOpay.html,854053
/news/MILRSOSGA_120810.html,853676
/news/120610_fulbright.html,853285
/news/PatriciaFriend_12310.html,852815
/alumni-and-friends/LaborRoundtable_112310_eNews.html,852496
/alumni-and-friends/ICSEndowment_eNews.html,852430
/alumni-and-friends/Misclassification_111910_eNews.html,852330
/alumni-and-friends/Michele Williams_111910_eNews.html,852294
/alumni-and-friends/KristenMcClellan_112410_eNews.html,852259
/alumni-and-friends/GroatAlpern_2011_eNews.html,851839
/hcd/news/11042010-FirstExecBriefing.html,851412
/news/KristenMcClellan_112410.html,851189
/news/GroatAlpern_2011.html,850915
/ICS/news/11232010-ICSEndowmentHonorsJoeRich.html,850528
/news/LaborRoundtable_112310.html,850320
/ICS/news/11222010-FirstSessionILRBriefings.html,849781
/news/Misclassification_111910.html,849152
/news/GLI_111910.html,848944
/news/Michele Williams_111910.html,848865
/international/news/11082010-MexicoCourse.html,843346
/ICS/news/11052010-LaborMarketDiscussedOnRadio.html,843169
/news/Konvitz_Fall2010.html,842736
/alumni-and-friends/SolarPower_11310.html,841517
/alumni-and-friends/ILRCareerFair_11310.html,841484
/alumni-and-friends/EDI Grant_11310.html,841322
/ICS/news/11012010-usEmploymentCostIndexQ32010.html,840642
/ICS/news/10132010-LeslieThornton.html,839777
/news/GivanBook_102510.html,838797
/international/news/IndianNGOIntership.html,838170
/news/ILRCareerFair_101910.html,836700
/news/EDIGrant_101910.html,836461
/news/MariaCook_101510.html,835829
/ICS/news/09172010-PattMorrisonShowInterview.html,834068
/news/SolarPower_101210.html,833704
/international/news/JordanYadoo.html,832678
/alumni-and-friends/Labor history digitized_090810.html,831925
/alumni-and-friends/Enrenberg_PennState092810.html,831725
/international/news/ISGAPicnic2010.html,831626
/alumni-and-friends/CookLecture_093010.html,831624
/alumni-and-friends/FranBlau_093010.html,831539
/international/ESCPRankedNO1.html,831311
/news/CookLecture_093010.html,830546
/news/FranBlau_093010.html,829239
/news/Enrenberg_PennState092810.html,828192
/international/news/DanielBordeleau.html,826111
/international/news/jannaKeatseangsilp.html,825487
/international/news/amyChin.html,823848
/international/news/ryioOhara2010.html,823807
/international/news/BenchevaAndSmith.html,823741
/international/news/aliceGrgas.html,823663
/news/CowieBook_091410.html,822155
/news/091010_CookLecture.html,821279
/international/news/090910_ESCP.html,821022
/news/Labor history digitized_090810.html,820024
/ICS/news/08062010-PattMorrisonShowInterview.html,819756
/alumni-and-friends/ScanzaBook_090210.html,819055
/news/090210_ResolvingDisputes.html,818992
/alumni-and-friends/DeGraff_082410.html,818838
/news/ADA_081310.html,812890
/news/Committing to Diversity_081210.html,812372
/ICS/news/08052010-EmployersCostRise.html,809710
/alumni-and-friends/EDI_080210.html,807579
/alumni-and-friends/Misclass_080210.html,807460
/alumni-and-friends/080210_Goncalo.html,807093
/alumni-and-friends/HighRoad_080210.html,806896
/news/Misclass_072610.html,803087
/news/ULI072010.html,801423
/news/HighRoad_071610.html,800390
/news/EDI_071210.html,798549
/news/070210_legislation.html,797011
/alumni-and-friends/Tolbert_061010.html,795772
/alumni-and-friends/MotelsonReunion_060910.html,795676
/alumni-and-friends/EdLawlerBook_062110.html,795343
/news/ADA_062210.html,794129
/news/EdLawlerBook_062110.html,793560
/news/JeremyDussolliet_06162010.html,792919
/news/Reunion_061410.html,791988
/news/Tolbert_061010.html,791633
/ICS/news/EquilarExecutiveRewardsSummit_060910.html,790945
/news/MotelsonReunion_060910.html,790638
/alumni-and-friends/Graduation_2010.html,787759
/news/Graduation_2010.html,786600
/alumni-and-friends/Bacharach_050610.html,786309
/alumni-and-friends/Tolbert_051810.html,786166
/alumni-and-friends/Healthcare_051110.html,786029
/news/EbonyRay_052710.html,785777
/cahrs/news/Question-Submission-ILRHR664-Fall-10.html,785114
/news/GradAdvance_2010.html,783916
/news/ArtWheaton_05242010.html,783686
/news/Healthcare_05192010.html,783025
/news/Tolbert_051810.html,782738
/news/Healthcare_051310.html,782272
/news/Healthcare_051210.html,781890
/news/Healthcare_051110.html,781535
/news/GraceGuichardo_051010.html,781179
/news/Bacharach_050610.html,780494
/news/ULI_05052010.html,780124
/international/news/050410_global.html,779427
/news/050310_awards.html,778902
/news/Konvitz_043010.html,778428
/alumni-and-friends/groatAlpern.html,778196
/alumni-and-friends/konvitz.html,778125
/alumni-and-friends/ForensicsDebate.html,777966
/cahrs/news/050110 Verizon Intl Comp.html,777687
/international/news/042910_RosaSilviaArciniega.html,777633
/news/Konvitz_042610.html,776522
/news/GroatAlpern_042210.html,775623
/news/SethSiegel_041910.html,774885
/news/SethHarris_041610.html,774626
/news/UnionDays2010.html,773397
/international/news/040810_tsd.html,771741
/international/news/040810_Jamaica.html,771385
/news/040810_LaurieBerkeWeiss.html,771223
/news/TrumkaUnionDays2010_040710.html,770835
/news/ForensicsDebate_04052010.html,769928
/news/EDI_04052010.html,769782
/alumni-and-friends/irwinjacobs_032510.html,769505
/alumni-and-friends/hrcompetition_031210.html,769413
/international/news/FroilanMalit.html,769209
/alumni-and-friends/Bishop_03182010.html,769142
/alumni-and-friends/Uniondays_2010.html,769106
/international/news/04012010-ErnestoNoronha.html,768837
/news/Lazeshealthcare_040110.html,768365
/international/news/03312010-ESCP-EurpoeInParis.html,768116
/news/UnionDays_2010.html,764702
/news/IrwinJacobs_03252010.html,764191
/international/news/SarahEdelsonAndThomasVanHaaren.html,763305
/news/Bishop_03182010.html,762952
/international/news/JessicaMaiorca.html,762634
/international/news/031710_culturalNight.html,762172
/news/SaintPreux_031610.html,761665
/news/HRcompetition_031210.html,761045
/news/030410_ServiceCenters.html,758488
/news/AndyStern_030410.html,757970
/international/news/cassadyFendlay.html,757858
/news/EhrenbergSuny_030310.html,756911
/alumni-and-friends/JamesGross.html,755939
/alumni-and-friends/LowellTurnerResearch.html,754597
/alumni-and-friends/AndyStern.html,754539
/alumni-and-friends/KristinaFrancillon.html,754507
/alumni-and-friends/MattAckerson_020910.html,754475
/international/news/022510_MicheleMalski.html,753305
/international/news/022410_BusinessEtiquette.html,753135
/news/JimGross_02222010.html,751325
/news/LowellTurner.html,748483
/international/news/021710_FrancillonHaiti.html,748205
/news/AndyStern_021510.html,745630
/international/news/021510_LERA.html,745077
/international/news/021510_RobinRemick.html,744972
/news/KheelHeritageProject_021210.html,744427
/international/news/021210_Mensah.html,744328
/news/ArunKarpur_021110.html,743818
/news/MattAckerson_020910.html,742108
/news/Balu_020510.html,741442
/news/LizShuler_02032010.html,739780
/news/Kristina_Francillon02022010.html,738876
/news/FranBenson_020110.html,738332
/international/news/012910_ScottBudow.html,737963
/news/012910_MPSprogram.html,737618
/international/news/012910_Haiti.html,737529
/alumni-and-friends/012710_Jobs.html,736419
/news/012710_Jobs.html,736282
/international/news/012710_Lapres.html,736094
/alumni-and-friends/workerTurnover.html,735866
/news/Ilhyung Lee_012210.html,734278
/news/JillKubit_011910.html,733023
/news/VernonBriggs_01152010.html,732707
/news/Figueroa011110.html,730419
/news/Bigler010710.html,728932
/news/RebeccaHerman_121609.html,723422
/news/121409_Copenhagen.html,722949
/news/ArtWheaton_120709.html,720105
/news/112409_ILRinChina.html,717705
/news/112009_protectingPreventing.html,717145
/international/news/112009_DonnaRamil.html,717110
/international/news/111909_TsinghuaUniversity.html,716414
/news/laborquilt_111809.html,715824
/cahrs/news/111609 Cornell HR Masters Rated 1.html,715043
/international/news/111209_GlobalILR.html,714422
/news/111209_wheelOfFortune.html,714167
/news/KCWagner_111009.html,713411
/news/110609_digitalCommons.html,712169
/news/JohnRobinson_103009.html,709058
/news/102909_LoisGray.html,708554
/news/NetterConference_102309.html,706644
/news/JohnBishop_102009.html,704686
/international/news/101509_Samsung.html,700993
/cahrs/news/Question Submission ILRHR664.html,700017
/news/100909_CNN.html,699881
/news/100509_ediGrant.html,696870
/international/news/093009_DawnGearhart.html,695689
/news/NetterConference_093009.html,695176
/news/GLI_093009.html,694909
/news/092909_BruceRaynor.html,694420
/news/092409_PreventingViolence.html,693276
/international/news/092309_JannaKeatseangsilp.html,692649
/international/news/jessicaMaiorcaLiberia.html,691228
/news/ClimateWeek2009_091409.html,688005
/news/ArlieHochschild_090909.html,685535
/news/ClimateAction_grasso090309.html,684123
/news/CookLecture_2009.html,681483
/news/082409_growLearnChange.html,679209
/news/EddieRooker_08172009.html,677489
/news/GroatAlpern_080309.html,673506
/international/news/073009_DanBerenholtz.html,672610
/news/072709_superComputerPower.html,672014
/news/EhrenbergCHERI_072209.html,670469
/international/news/071609_PikeJapan.html,669543
/news/071509_culturalCapital.html,669259
/international/news/070909_LieberwitzResearch.html,668348
/news/BradBell_070909.html,668221
/news/ErinSember_070709.html,667872
/news/EFCA_063009.html,666988
/news/CareerServices_062909.html,666108
/news/FredKotler_062309.html,664844
/news/Scheinman_061909.html,664225
/news/Reunion_061709.html,663816
/international/news/061709_salvatore.html,663785
/international/news/061709_bronfenbrennerResearch.html,663654
/news/061509_emotionalTies.html,663154
/news/TarakShah06122009.html,662509
/news/Katz2015_061109.html,662071
/news/Basefsky_060509.html,660134
/international/news/060409_research.html,660000
/news/Alpern060309.html,659048
/news/JessicaCarter060209.html,657929
/mgmtprOLD/news/SummerCourses_Ithaca2009.html,656883
/news/Dublin_052809.html,655984
/news/Graduation052609.html,655432
/news/Graduation052109.html,650886
/international/news/052109_scheinman.html,650833
/international/news/502109_callForPapers.html,650606
/international/news/052009_ranoBurkhanova.html,650453
/news/Bronfenbrenner_052009.html,650221
/news/Bronfenbrenner_051809.html,649223
/news/Kruegar_051509.html,648389
/news/KoustasDmitri_051309.html,647739
/news/WilliamsTrust051109.html,647314
/international/news/051109_milan.html,647283
/news/JeffHilgert_050709.html,646932
/news/050409_laborIssues.html,644374
/news/McPhersonAwards2009.html,643435
/news/042709_coaching.html,641732
/international/news/042409_IGAC.html,641635
/news/042409_cultureGivingBack.html,641279
/international/news/042209_kellyPike.html,640279
/news/042209_Compensation.html,640161
/news/DebateEFCA_042109.html,639410
/news/UnionDays_042009.html,638056
/international/news/041709_coverAfrica.html,637600
/news/Unseenamerica041508.html,635859
/international/news/Shuang Zhang ILR MSPhD student receives grant.html,634450
/news/041309_JayWalker.html,634239
/news/040909_AAA.html,633383
/news/040909_Franzen.html,633022
/news/040709_ehrenbergGrant.html,631273
/news/Union Days040309.html,629849
/international/news/Rwanda Experience of each student.html,629073
/news/GroatAlpernEvent_040109.html,628600
/international/news/Service Learning to Rwanda.html,628570
/international/news/033109_lehmanAward.html,627799
/news/scrimple_032709.html,626271
/news/Abraham Plotkin_032309.html,624288
/news/031809_unseenStories.html,622258
/news/CreditInterns_031609.html,621059
/news/WhiteHouse031109.html,620245
/news/EhrenbergBook031009.html,619203
/news/EFCA_030509.html,616763
/news/030909_Colvin.html,616398
/news/FrancesPerkins022409.html,613067
/news/SalvatoreBook_021609.html,611215
/news/MediationCompetition021009.html,609477
/international/news/020409_grantsHBS.html,606994
/news/020309_employmentRoadblocks.html,606365
/international/news/020209_MEB.html,603839
/news/013009_KheelCenter.html,603055
/international/news/013009_LapresIndia.html,602403
/cahrs/news/Ruocco_UpCloseArticle.html,601833
/cahrs/news/Wright_CHROResearchQA.html,601761
/news/InaugurationEvents012009.html,598231
/news/Rooker_Einstein012009.html,597794
/news/011509_diverseExperiences.html,597212
/international/news/011309_OECD.html,596459
/news/011209_ticketToHistory.html,595662
/news/JohnHausknecht_010809.html,593498
/news/122208_YearInReview.html,591169
/news/121508_legacy.html,589512
/news/121208_graduatingLeaders.html,588998
/news/EhrenbergEndowments12408.html,585562
/news/JoeRich_112808.html,584257
/news/112508_climateChange.html,583618
/news/112108_visitingFellows.html,582436
/gradDegreePrograms/news/111908_SHRLOE.html,581893
/international/news/111908_india.html,581607
/news/111008_newDeal.html,580828
/news/StandUpGuys111208.html,579701
/news/JoeHansen_111008.html,578252
/news/110508_windmullerChair.html,576314
/international/news/103108_sveLearningTrip.html,574046
/news/ILRCareerFair103008.html,573494
/news/Greenhouse_Steven102908.html,572021
/international/news/102908_IGAC.html,571881
/news/davePrice.html,571525
/news/BustingBulliesScheinman_102808.html,571291
/international/news/China Conference report.html,570529
/international/news/102408-Otto-Jacobi-presentation.html,569620
/news/AlanLubin_102308.html,568207
/news/RuthCowanFilm_101408.html,565547
/cahrs/news/0708-CHRO Succession.html,565307
/cahrs/news/0608-Top HR Leaders Named.html,565209
/international/news/102008_Raday.html,563676
/news/KonvitzLecture2008_Ogletree.html,562991
/news/Global Labor Institute report.html,560935
/news/KonvitzLecture2008.html,558171
/news/GreenJobs_092408.html,555130
/news/ChinaConference_091908.html,553155
/news/091708_careers.html,550857
/wied/news/Reverse Commute Challenges.html,547351
/wied/news/08292008_ChampionsAtWorkAward_BusinessFirstArticle.html,546145
/news/DolgenGift_2008.html,546092
/international/news/090508_FieldWorkCourse.html,545009
/news/Morgante_CSPAN090408.html,543991
/international/news/00208_IGSA.html,543249
/wied/news/2008 Champions Award.html,542209
/news/Classof2012_082808.html,541745
/international/news/blairLapres.html,541307
/news/ScheinmanStudentMediation_082208.html,539383
/international/news/internationalStudentClub.html,534672
/news/080808_FrankMiller.html,531359
/news/HaroldNewman072408.html,524698
/news/ULI_071408.html,519272
/news/070308_bellRedpandas.html,516676
/news/Saint-Preux_TeachforAmerica062008.html,511989
/international/news/061808_APALA.html,511167
/news/NBACoaches_61208.html,509193
/news/AlumniReturn_060908.html,507048
/news/OxmansAdvance_060408.html,504671
/mgmtprOLD/news/UpcomingOpportunities.html,502580
/news/Graduation2008.html,502124
/news/2008GraduationAdvance.html,501292
/international/news/051908_gingrandeProfile.html,500348
/international/news/Danielle Newsome COSATU internship.html,499618
/news/TaylorLaw_051408.html,498083
/international/news/051408_turkey.html,497875
/news/JavesteDulcio050808.html,494911
/news/050708_StudentAwards.html,494159
/news/ILRbidIdea050108.html,491346
/news/DomestViolence_kcwagner042408.html,488975
/news/2008celebrationVideo.html,488555
/studentservices/organizations/042208_MILRSOfashion.html,487890
/news/041408_socJustFair.html,485751
/international/news/2008_Students go for negotiations to Canada.html,482895
/news/110907_ILR-EuropeanDualDegee.html,335538
/news/090707_ChronicleMagazine.html,303671
/news/062907_NursingHome.html,274645
/news/053007_2007Graduation.html,258393
/news/052307_GlobalCallCenterProject.html,257146
/news/052207_EDIawardedResearchGrant.html,256281
/international/alumni/ILRKoreaForum.html,207276
/news/Cornell Launches Far Above Campaign.html,193015
/international/HelenYang.html,107734
/international/serviceLearning/globalPartners/WarwickSeminar.html,105927
/international/news/escpeapannouncement0510.html,89800
/news/032806_SusanneBruyereAward.html,70805
/international/news/michaelborkan1003.html,69987
/mgmtprOLD/news/ProactiveLeaderCertificate.html,22901
