/conflictRes/catalog/DR100.html,DR100
/conflictRes/catalog/DR101.html,DR101
/conflictRes/catalog/DR105.html,DR105
/conflictRes/catalog/dr106.html,dr106
/conflictRes/catalog/DR108.html,DR108
/conflictRes/catalog/DR110.html,DR110
/conflictRes/catalog/DR112.html,DR112
/conflictRes/catalog/DR113.html,DR113
/conflictRes/catalog/DR115.html,DR115
/conflictRes/catalog/DR120.html,DR120
/conflictRes/catalog/DR125.html,DR125
/conflictRes/catalog/DR130.html,DR130
/conflictRes/catalog/DR135.html,DR135
/conflictRes/catalog/DR140.html,DR140
/conflictRes/catalog/DR142.html,DR142
/conflictRes/catalog/DR145.html,DR145
/conflictRes/catalog/DR150.html,DR150
/conflictRes/catalog/DR155.html,DR155
/conflictRes/catalog/DR158.html,DR158
/conflictRes/catalog/DR160.html,DR160
/conflictRes/catalog/DR161.html,DR161
/conflictRes/catalog/DR162.html,DR162
/conflictRes/catalog/DR164.html,DR164
/conflictRes/catalog/DR168.html,DR168
/conflictRes/catalog/DR170.html,DR170
/conflictRes/catalog/DR180.html,DR180
/conflictRes/catalog/DR181.html,DR181
/conflictRes/catalog/DR185.html,DR185
/conflictRes/catalog/DR186.html,DR186
/conflictRes/catalog/DR200.html,DR200
/conflictRes/catalog/DR205.html,DR205
/conflictRes/catalog/DR210.html,DR210
/conflictRes/catalog/DR215.html,DR215
/conflictRes/catalog/DR220.html,DR220
/conflictRes/catalog/DR230.html,DR230
/conflictRes/catalog/DR235.html,DR235
/conflictRes/catalog/dr888.html,dr888
/conflictRes/catalog/LR101.html,LR101
/conflictRes/catalog/LR102.html,LR102
/conflictRes/catalog/LR104.html,LR104
/conflictRes/catalog/LR105.html,LR105
/conflictRes/catalog/LR106.html,LR106
/conflictRes/catalog/LR201.html,LR201
/conflictRes/catalog/LR203.html,LR203
/conflictRes/catalog/LR205.html,LR205
/conflictRes/catalog/LR304.html,LR304
/conflictRes/catalog/LR306.html,LR306
/conflictRes/catalog/LR309.html,LR309
/conflictRes/catalog/LR311.html,LR311
/conflictRes/catalog/LR312.html,LR312
/conflictRes/catalog/LR450.html,LR450
/events/healthCare/catalog/LB888.html,LB888
/hcd/catalog/BR001.html,BR001
/hcd/catalog/BR002.html,BR002
/hcd/catalog/BR003.html,BR003
/hcd/catalog/CO100.html,CO100
/hcd/catalog/CO111.html,CO111
/hcd/catalog/CO213.html,CO213
/hcd/catalog/CO220.html,CO220
/hcd/catalog/CO231.html,CO231
/hcd/catalog/CO240.html,CO240
/hcd/catalog/CO251.html,CO251
/hcd/catalog/CO332.html,CO332
/hcd/catalog/CO336.html,CO336
/hcd/catalog/CO353.html,CO353
/hcd/catalog/DV215.html,DV215
/hcd/catalog/DV227.html,DV227
/hcd/catalog/DV325.html,DV325
/hcd/catalog/EO305.html,EO305
/hcd/catalog/EO332.html,EO332
/hcd/catalog/HR104.html,HR104
/hcd/catalog/HR226.html,HR226
/hcd/catalog/HR243.html,HR243
/hcd/catalog/HR321.html,HR321
/hcd/catalog/HR410.html,HR410
/hcd/catalog/HR411.html,HR411
/hcd/catalog/HR412.html,HR412
/hcd/catalog/HR413.html,HR413
/hcd/catalog/HR414.html,HR414
/hcd/catalog/HR415.html,HR415
/hcd/catalog/HR416.html,HR416
/hcd/catalog/HR417.html,HR417
/hcd/catalog/hr418.html,hr418
/hcd/catalog/HR450.html,HR450
/hcd/catalog/HR451.html,HR451
/hcd/catalog/HR452.html,HR452
/hcd/catalog/HR453.html,HR453
/hcd/catalog/HR454.html,HR454
/hcd/catalog/HR455.html,HR455
/hcd/catalog/HR456.html,HR456
/hcd/catalog/HR888.html,HR888
/hcd/catalog/LR311.html,LR311
/hcd/catalog/LR312.html,LR312
/hcd/catalog/LR401.html,LR401
/hcd/catalog/LR402.html,LR402
/hcd/catalog/LR403.html,LR403
/hcd/catalog/LR404.html,LR404
/hcd/catalog/Lr405.html,Lr405
/hcd/catalog/LR406.html,LR406
/hcd/catalog/LR407.html,LR407
/hcd/catalog/LR408.html,LR408
/hcd/catalog/LR409.html,LR409
/hcd/catalog/MD101.html,MD101
/hcd/catalog/MD102.html,MD102
/hcd/catalog/MD148.html,MD148
/hcd/catalog/MD175.html,MD175
/hcd/catalog/MD335.html,MD335
/hcd/catalog/MD363.html,MD363
/hcd/catalog/MD378.html,MD378
/hcd/catalog/OC370.html,OC370
/hcd/catalog/OC382.html,OC382
/hcd/catalog/OC385.html,OC385
/hcd/catalog/oc389.html,oc389
/hcd/catalog/SH709.html,SH709
/healthSafety/catalog/sh709.html,sh709
/healthSafety/catalog/sh999.html,sh999
/ICS/catalog/ICS400.html,ICS400
/ICS/catalog/ICS401.html,ICS401
/ICS/catalog/ICS402.html,ICS402
/ICS/catalog/ICS403.html,ICS403
/ICS/catalog/ICS500.html,ICS500
/iwsPrograms/catalog/WS001.html,WS001
/iwsPrograms/catalog/ws002.html,ws002
/iwsPrograms/catalog/ws003.html,ws003
/iwsPrograms/catalog/ws004.html,ws004
/iwsPrograms/catalog/ws005.html,ws005
/iwsPrograms/catalog/ws006.html,ws006
/iwsPrograms/catalog/ws007.html,ws007
/iwsPrograms/catalog/WS400.html,WS400
/iwsPrograms/catalog/WS401.html,WS401
/iwsPrograms/catalog/WS402.html,WS402
/iwsPrograms/catalog/WS403.html,WS403
/jlp/catalog/LS250.html,LS250
/labor-relations/catalog/DR101.html,DR101
/labor-relations/catalog/DR210.html,DR210
/labor-relations/catalog/DR220.html,DR220
/labor-relations/catalog/DV238.html,DV238
/labor-relations/catalog/LR101.html,LR101
/labor-relations/catalog/LR102.html,LR102
/labor-relations/catalog/LR104.html,LR104
/labor-relations/catalog/LR105.html,LR105
/labor-relations/catalog/LR106.html,LR106
/labor-relations/catalog/LR201.html,LR201
/labor-relations/catalog/LR203.html,LR203
/labor-relations/catalog/LR205.html,LR205
/laborPrograms/catalog/LB002.html,LB002
/laborPrograms/catalog/LB003.html,LB003
/laborPrograms/catalog/lb004.html,lb004
/laborPrograms/catalog/LB400.html,LB400
/laborPrograms/catalog/LB406.html,LB406
/laborPrograms/catalog/LB407.html,LB407
/laborPrograms/catalog/LB409.html,LB409
/laborPrograms/catalog/lb410.html,lb410
/laborPrograms/catalog/LB412.html,LB412
/laborPrograms/catalog/LB413.html,LB413
/laborPrograms/catalog/LB414.html,LB414
/laborPrograms/catalog/lb415.html,lb415
/laborPrograms/catalog/LB419.html,LB419
/laborPrograms/catalog/LB421.html,LB421
/laborPrograms/catalog/LB451.html,LB451
/laborPrograms/catalog/LB452.html,LB452
/laborPrograms/catalog/LB455.html,LB455
/laborPrograms/catalog/LB461.html,LB461
/laborPrograms/catalog/LB462.html,LB462
/laborPrograms/catalog/LB463.html,LB463
/laborPrograms/catalog/LB464.html,LB464
/laborPrograms/catalog/LB505.html,LB505
/laborPrograms/catalog/LB507.html,LB507
/laborPrograms/catalog/lb512.html,lb512
/laborPrograms/catalog/LB523.html,LB523
/laborPrograms/catalog/LB554.html,LB554
/laborPrograms/catalog/LB560.html,LB560
/laborPrograms/catalog/LB600.html,LB600
/laborPrograms/catalog/LB654.html,LB654
/laborPrograms/catalog/LB656.html,LB656
/laborPrograms/catalog/LB657.html,LB657
/laborPrograms/catalog/LB666.html,LB666
/laborPrograms/catalog/LB888.html,LB888
/laborPrograms/catalog/lb999.html,lb999
/laborPrograms/catalog/LS002.html,LS002
/laborPrograms/catalog/LS015.html,LS015
/laborPrograms/catalog/LS087.html,LS087
/laborPrograms/catalog/LS102.html,LS102
/laborPrograms/catalog/LS116.html,LS116
/laborPrograms/catalog/LS207.html,LS207
/laborPrograms/catalog/LS249.html,LS249
/laborPrograms/catalog/LS252.html,LS252
/laborPrograms/catalog/LS253.html,LS253
/laborPrograms/catalog/LS265.html,LS265
/law/catalog/el510.html,el510
/law/catalog/el550.html,el550
/law/catalog/el551.html,el551
/law/catalog/el552.html,el552
/law/catalog/el553.html,el553
/law/catalog/el554.html,el554
/law/catalog/el560.html,el560
/law/catalog/el561.html,el561
/law/catalog/el562.html,el562
/law/catalog/el563.html,el563
/law/catalog/el564.html,el564
/law/catalog/el570.html,el570
/law/catalog/el571.html,el571
/law/catalog/EL572.html,EL572
/law/catalog/el573.html,el573
/law/catalog/el574.html,el574
/law/catalog/el575.html,el575
/law/catalog/EL576.html,EL576
/law/catalog/el701.html,el701
/law/catalog/el702.html,el702
/law/catalog/EL703.html,EL703
/law/catalog/el777.html,el777
/law/catalog/EL802.html,EL802
/law/catalog/el803.html,el803
/law/catalog/EL804.html,EL804
/law/catalog/EL888.html,EL888
/law/catalog/el901.html,el901
/law/catalog/el902.html,el902
/law/catalog/el903.html,el903
/law/catalog/el999.html,el999
/lrcanada/catalog/LR401.html,LR401
/lrcanada/catalog/LR402.html,LR402
/lrcanada/catalog/LR403.html,LR403
/lrcanada/catalog/LR404.html,LR404
/lrcanada/catalog/LR405.html,LR405
/lrcanada/catalog/LR406.html,LR406
/lrcanada/catalog/LR407.html,LR407
/lrcanada/catalog/LR408.html,LR408
/lrcanada/catalog/LR409.html,LR409
/workerinstitute/catalog/LB002.html,LB002
/workerinstitute/catalog/LB100.html,LB100
/workerinstitute/catalog/lb400.html,lb400
/workerinstitute/catalog/LB403.html,LB403
/workerinstitute/catalog/LB407.html,LB407
/workerinstitute/catalog/LB408.html,LB408
/workerinstitute/catalog/LB409.html,LB409
/workerinstitute/catalog/lb410.html,lb410
/workerinstitute/catalog/LB455.html,LB455
/workerinstitute/catalog/LB461.html,LB461
/workerinstitute/catalog/LB521.html,LB521
/workerinstitute/catalog/LB550.html,LB550
/workerinstitute/catalog/LB560.html,LB560
/workerinstitute/catalog/LB561.html,LB561
/workerinstitute/catalog/LB562.html,LB562
/workerinstitute/catalog/LB662.html,LB662
/workerinstitute/catalog/LB666.html,LB666
/workerinstitute/catalog/LS100.html,LS100
/workerinstitute/catalog/LS100b.html,LS100b
/workerinstitute/catalog/LS116.html,LS116
/workerinstitute/catalog/LS200.html,LS200
/workerinstitute/catalog/LS238.html,LS238
/workerinstitute/catalog/LS240.html,LS240
/workerinstitute/catalog/LS240b.html,LS240b
/workerinstitute/catalog/LS248.html,LS248
/workerinstitute/catalog/LS253.html,LS253
/workerinstitute/catalog/LS254.html,LS254
/workerinstitute/catalog/LS255.html,LS255
/workerinstitute/catalog/LS256.html,LS256
/workerinstitute/catalog/LS264.html,LS264
